{
    "configs": [
        {
            "controls": {
                "ATK": "SPACE",
                "BOMB": "F",
                "DOWN": "DOWN",
                "LEFT": "LEFT",
                "RESURECT": "ENTER",
                "RIGHT": "RIGHT",
                "UP": "UP"
            },
            "name": "keyboard_default"
        },
        {
            "controls": {
                "ATK": "A",
                "BOMB": "E",
                "DOWN": "S",
                "LEFT": "Q",
                "RESURECT": "W",
                "RIGHT": "D",
                "UP": "Z"
            },
            "name": "keyboard_left"
        },
        {
            "controls": {
                "ATK": "T",
                "BOMB": "U",
                "DOWN": "H",
                "LEFT": "G",
                "RESURECT": "B",
                "RIGHT": "J",
                "UP": "Y"
            },
            "name": "keyboard_center"
        },
        {
            "controls": {
                "ATK": "I",
                "BOMB": "P",
                "DOWN": "L",
                "LEFT": "K",
                "RESURECT": "N",
                "RIGHT": "M",
                "UP": "O"
            },
            "name": "keyboard_right"
        }
    ],
    "lang": "fr",
    "languages": [
        "fr",
        "en",
        "es"
    ],
    "myconfig1": "keyboard_default",
    "myconfig2": "keyboard_left",
    "myconfig3": "keyboard_center",
    "myconfig4": "keyboard_right",
    "resolution": "resolution5",
    "resolutions": [
        {
            "name": "resolution1",
            "resolution": [
                1280,
                720
            ]
        },
        {
            "name": "resolution2",
            "resolution": [
                1920,
                1080
            ]
        },
        {
            "name": "resolution3",
            "resolution": [
                1600,
                900
            ]
        },
        {
            "name": "resolution4",
            "resolution": [
                800,
                600
            ]
        },
        {
            "name": "resolution5",
            "resolution": [
                1024,
                576
            ]
        }
    ]
}