{
    "bomb": [[
        34,
        24
    ]],
    "chest": [
        [
            1,
            9
        ],
        [
            2,
            11
        ],
        [
            30,
            22
        ],
        [
            31,
            8
        ],
        [
            32,
            8
        ],
        [
            34,
            5
        ],
        [
            35,
            20
        ]
    ],
    "door": [],
    "exit": [
        22,
        21
    ],
    "food": [
        [
            1,
            20
        ],
        [
            5,
            20
        ],
        [
            11,
            14
        ],
        [
            20,
            6
        ],
        [
            23,
            13
        ],
        [
            25,
            10
        ],
        [
            33,
            19
        ]
    ],
    "key": [],
    "monster": {
        "daemon": [
            {
                "coord": [
                    5,
                    21
                ],
                "level": 3
            },
            {
                "coord": [
                    6,
                    10
                ],
                "level": 3
            },
            {
                "coord": [
                    17,
                    23
                ],
                "level": 2
            },
            {
                "coord": [
                    39,
                    18
                ],
                "level": 2
            }
        ],
        "death": [[
            26,
            20
        ]],
        "ghost": [
            {
                "coord": [
                    1,
                    23
                ],
                "level": 3
            },
            {
                "coord": [
                    2,
                    20
                ],
                "level": 2
            },
            {
                "coord": [
                    4,
                    7
                ],
                "level": 1
            },
            {
                "coord": [
                    11,
                    24
                ],
                "level": 2
            },
            {
                "coord": [
                    16,
                    11
                ],
                "level": 3
            },
            {
                "coord": [
                    22,
                    11
                ],
                "level": 2
            },
            {
                "coord": [
                    27,
                    12
                ],
                "level": 2
            },
            {
                "coord": [
                    36,
                    9
                ],
                "level": 1
            }
        ],
        "ghoul": [
            {
                "coord": [
                    33,
                    9
                ],
                "level": 3
            },
            {
                "coord": [
                    34,
                    9
                ],
                "level": 3
            }
        ],
        "lobber": [
            {
                "coord": [
                    5,
                    1
                ],
                "level": 3
            },
            {
                "coord": [
                    34,
                    17
                ],
                "level": 1
            }
        ]
    },
    "player": [
        [
            24,
            11
        ],
        [
            25,
            11
        ],
        [
            24,
            12
        ],
        [
            25,
            12
        ]
    ],
    "potion_defense": [
        [
            9,
            22
        ],
        [
            30,
            17
        ]
    ],
    "potion_life": [],
    "potion_magic": [],
    "potion_physical": [[
        27,
        4
    ]],
    "potion_poison": [[
        1,
        1
    ]],
    "potion_speed": [],
    "size": [
        39,
        25
    ],
    "spawner": {
        "daemon": [{
            "coord": [
                14,
                10
            ],
            "level": 1
        }],
        "ghost": [
            {
                "coord": [
                    4,
                    11
                ],
                "level": 3
            },
            {
                "coord": [
                    9,
                    20
                ],
                "level": 2
            },
            {
                "coord": [
                    17,
                    21
                ],
                "level": 1
            },
            {
                "coord": [
                    18,
                    21
                ],
                "level": 1
            },
            {
                "coord": [
                    19,
                    13
                ],
                "level": 3
            },
            {
                "coord": [
                    19,
                    21
                ],
                "level": 1
            },
            {
                "coord": [
                    32,
                    18
                ],
                "level": 2
            }
        ],
        "ghoul": [
            {
                "coord": [
                    6,
                    7
                ],
                "level": 1
            },
            {
                "coord": [
                    16,
                    14
                ],
                "level": 3
            },
            {
                "coord": [
                    17,
                    3
                ],
                "level": 2
            },
            {
                "coord": [
                    22,
                    19
                ],
                "level": 3
            }
        ],
        "lobber": [
            {
                "coord": [
                    15,
                    20
                ],
                "level": 2
            },
            {
                "coord": [
                    16,
                    21
                ],
                "level": 2
            }
        ]
    },
    "wall": [
        [
            1,
            8
        ],
        [
            1,
            14
        ],
        [
            1,
            15
        ],
        [
            1,
            16
        ],
        [
            1,
            17
        ],
        [
            1,
            18
        ],
        [
            1,
            19
        ],
        [
            2,
            1
        ],
        [
            2,
            2
        ],
        [
            2,
            8
        ],
        [
            2,
            9
        ],
        [
            2,
            10
        ],
        [
            2,
            19
        ],
        [
            3,
            9
        ],
        [
            3,
            10
        ],
        [
            3,
            11
        ],
        [
            4,
            8
        ],
        [
            5,
            8
        ],
        [
            5,
            24
        ],
        [
            6,
            8
        ],
        [
            6,
            11
        ],
        [
            6,
            12
        ],
        [
            6,
            13
        ],
        [
            6,
            14
        ],
        [
            6,
            15
        ],
        [
            6,
            16
        ],
        [
            6,
            17
        ],
        [
            6,
            18
        ],
        [
            6,
            21
        ],
        [
            6,
            22
        ],
        [
            6,
            23
        ],
        [
            6,
            24
        ],
        [
            6,
            25
        ],
        [
            7,
            3
        ],
        [
            8,
            3
        ],
        [
            8,
            4
        ],
        [
            8,
            11
        ],
        [
            8,
            22
        ],
        [
            8,
            23
        ],
        [
            9,
            3
        ],
        [
            9,
            23
        ],
        [
            9,
            24
        ],
        [
            9,
            25
        ],
        [
            10,
            3
        ],
        [
            10,
            11
        ],
        [
            11,
            3
        ],
        [
            11,
            6
        ],
        [
            11,
            22
        ],
        [
            12,
            3
        ],
        [
            12,
            6
        ],
        [
            12,
            11
        ],
        [
            12,
            22
        ],
        [
            13,
            3
        ],
        [
            13,
            6
        ],
        [
            13,
            11
        ],
        [
            13,
            14
        ],
        [
            13,
            18
        ],
        [
            13,
            19
        ],
        [
            13,
            22
        ],
        [
            14,
            7
        ],
        [
            14,
            12
        ],
        [
            14,
            13
        ],
        [
            14,
            14
        ],
        [
            14,
            15
        ],
        [
            14,
            16
        ],
        [
            14,
            17
        ],
        [
            14,
            18
        ],
        [
            14,
            19
        ],
        [
            14,
            22
        ],
        [
            15,
            8
        ],
        [
            15,
            9
        ],
        [
            15,
            17
        ],
        [
            15,
            18
        ],
        [
            15,
            22
        ],
        [
            17,
            1
        ],
        [
            17,
            12
        ],
        [
            17,
            13
        ],
        [
            17,
            14
        ],
        [
            17,
            15
        ],
        [
            18,
            1
        ],
        [
            19,
            2
        ],
        [
            19,
            3
        ],
        [
            19,
            5
        ],
        [
            19,
            6
        ],
        [
            19,
            7
        ],
        [
            19,
            8
        ],
        [
            20,
            4
        ],
        [
            20,
            10
        ],
        [
            20,
            17
        ],
        [
            20,
            18
        ],
        [
            20,
            19
        ],
        [
            20,
            20
        ],
        [
            20,
            21
        ],
        [
            20,
            22
        ],
        [
            20,
            23
        ],
        [
            20,
            24
        ],
        [
            21,
            10
        ],
        [
            21,
            12
        ],
        [
            21,
            16
        ],
        [
            22,
            10
        ],
        [
            22,
            15
        ],
        [
            22,
            16
        ],
        [
            23,
            8
        ],
        [
            23,
            10
        ],
        [
            23,
            11
        ],
        [
            23,
            12
        ],
        [
            23,
            17
        ],
        [
            24,
            3
        ],
        [
            24,
            4
        ],
        [
            24,
            8
        ],
        [
            24,
            18
        ],
        [
            24,
            21
        ],
        [
            24,
            22
        ],
        [
            25,
            1
        ],
        [
            25,
            3
        ],
        [
            25,
            4
        ],
        [
            25,
            5
        ],
        [
            26,
            7
        ],
        [
            26,
            11
        ],
        [
            26,
            12
        ],
        [
            26,
            13
        ],
        [
            26,
            18
        ],
        [
            26,
            19
        ],
        [
            27,
            5
        ],
        [
            27,
            6
        ],
        [
            27,
            7
        ],
        [
            27,
            14
        ],
        [
            27,
            18
        ],
        [
            27,
            19
        ],
        [
            28,
            7
        ],
        [
            28,
            8
        ],
        [
            28,
            9
        ],
        [
            28,
            15
        ],
        [
            28,
            18
        ],
        [
            28,
            19
        ],
        [
            29,
            5
        ],
        [
            29,
            7
        ],
        [
            29,
            15
        ],
        [
            29,
            18
        ],
        [
            29,
            19
        ],
        [
            29,
            23
        ],
        [
            30,
            3
        ],
        [
            30,
            5
        ],
        [
            30,
            7
        ],
        [
            30,
            8
        ],
        [
            30,
            9
        ],
        [
            30,
            10
        ],
        [
            30,
            11
        ],
        [
            30,
            12
        ],
        [
            30,
            13
        ],
        [
            30,
            16
        ],
        [
            30,
            18
        ],
        [
            30,
            19
        ],
        [
            31,
            3
        ],
        [
            31,
            5
        ],
        [
            31,
            7
        ],
        [
            31,
            10
        ],
        [
            31,
            18
        ],
        [
            31,
            19
        ],
        [
            31,
            20
        ],
        [
            32,
            3
        ],
        [
            32,
            5
        ],
        [
            32,
            6
        ],
        [
            32,
            7
        ],
        [
            32,
            10
        ],
        [
            32,
            13
        ],
        [
            32,
            21
        ],
        [
            33,
            3
        ],
        [
            33,
            5
        ],
        [
            33,
            7
        ],
        [
            33,
            10
        ],
        [
            33,
            13
        ],
        [
            33,
            14
        ],
        [
            33,
            22
        ],
        [
            33,
            24
        ],
        [
            33,
            25
        ],
        [
            34,
            2
        ],
        [
            34,
            3
        ],
        [
            34,
            7
        ],
        [
            34,
            8
        ],
        [
            34,
            10
        ],
        [
            34,
            18
        ],
        [
            34,
            19
        ],
        [
            34,
            20
        ],
        [
            34,
            23
        ],
        [
            35,
            7
        ],
        [
            35,
            23
        ],
        [
            36,
            4
        ],
        [
            36,
            7
        ],
        [
            36,
            23
        ],
        [
            37,
            2
        ],
        [
            37,
            7
        ],
        [
            37,
            13
        ],
        [
            37,
            23
        ],
        [
            38,
            7
        ],
        [
            38,
            13
        ],
        [
            38,
            17
        ],
        [
            38,
            18
        ],
        [
            38,
            19
        ],
        [
            38,
            20
        ],
        [
            38,
            21
        ],
        [
            38,
            22
        ],
        [
            39,
            2
        ],
        [
            39,
            7
        ],
        [
            39,
            12
        ],
        [
            39,
            13
        ],
        [
            39,
            24
        ],
        [
            39,
            25
        ]
    ]
}