{
    "bomb": [[
        20,
        3
    ]],
    "chest": [
        [
            1,
            13
        ],
        [
            7,
            11
        ],
        [
            12,
            7
        ],
        [
            12,
            16
        ],
        [
            13,
            26
        ],
        [
            19,
            23
        ],
        [
            22,
            3
        ]
    ],
    "door": [],
    "exit": [
        1,
        1
    ],
    "food": [
        [
            2,
            8
        ],
        [
            14,
            27
        ],
        [
            15,
            26
        ],
        [
            17,
            21
        ],
        [
            21,
            2
        ],
        [
            21,
            18
        ],
        [
            22,
            7
        ]
    ],
    "key": [],
    "monster": {
        "daemon": [
            {
                "coord": [
                    17,
                    26
                ],
                "level": 3
            },
            {
                "coord": [
                    21,
                    11
                ],
                "level": 2
            }
        ],
        "death": [],
        "ghost": [
            {
                "coord": [
                    1,
                    30
                ],
                "level": 1
            },
            {
                "coord": [
                    9,
                    15
                ],
                "level": 3
            },
            {
                "coord": [
                    10,
                    1
                ],
                "level": 2
            },
            {
                "coord": [
                    18,
                    6
                ],
                "level": 2
            }
        ],
        "ghoul": [
            {
                "coord": [
                    3,
                    8
                ],
                "level": 1
            },
            {
                "coord": [
                    7,
                    17
                ],
                "level": 1
            },
            {
                "coord": [
                    21,
                    6
                ],
                "level": 3
            }
        ],
        "lobber": [{
            "coord": [
                3,
                2
            ],
            "level": 2
        }]
    },
    "player": [
        [
            2,
            23
        ],
        [
            3,
            23
        ],
        [
            2,
            24
        ],
        [
            3,
            24
        ]
    ],
    "potion_defense": [
        [
            2,
            4
        ],
        [
            9,
            13
        ],
        [
            10,
            23
        ]
    ],
    "potion_life": [],
    "potion_magic": [
        [
            9,
            22
        ],
        [
            20,
            6
        ]
    ],
    "potion_physical": [[
        11,
        24
    ]],
    "potion_poison": [],
    "potion_speed": [],
    "size": [
        22,
        30
    ],
    "spawner": {
        "daemon": [
            {
                "coord": [
                    12,
                    29
                ],
                "level": 3
            },
            {
                "coord": [
                    17,
                    2
                ],
                "level": 1
            },
            {
                "coord": [
                    20,
                    29
                ],
                "level": 2
            }
        ],
        "ghost": [
            {
                "coord": [
                    4,
                    1
                ],
                "level": 3
            },
            {
                "coord": [
                    12,
                    28
                ],
                "level": 3
            },
            {
                "coord": [
                    16,
                    19
                ],
                "level": 1
            },
            {
                "coord": [
                    22,
                    14
                ],
                "level": 1
            }
        ],
        "ghoul": [
            {
                "coord": [
                    1,
                    29
                ],
                "level": 3
            },
            {
                "coord": [
                    10,
                    9
                ],
                "level": 3
            },
            {
                "coord": [
                    11,
                    9
                ],
                "level": 3
            },
            {
                "coord": [
                    12,
                    9
                ],
                "level": 3
            },
            {
                "coord": [
                    13,
                    9
                ],
                "level": 3
            },
            {
                "coord": [
                    14,
                    9
                ],
                "level": 3
            },
            {
                "coord": [
                    14,
                    30
                ],
                "level": 1
            },
            {
                "coord": [
                    15,
                    9
                ],
                "level": 3
            },
            {
                "coord": [
                    16,
                    9
                ],
                "level": 3
            },
            {
                "coord": [
                    17,
                    9
                ],
                "level": 3
            },
            {
                "coord": [
                    17,
                    10
                ],
                "level": 3
            },
            {
                "coord": [
                    17,
                    11
                ],
                "level": 3
            },
            {
                "coord": [
                    17,
                    12
                ],
                "level": 3
            }
        ],
        "lobber": []
    },
    "wall": [
        [
            1,
            3
        ],
        [
            1,
            4
        ],
        [
            1,
            5
        ],
        [
            1,
            16
        ],
        [
            1,
            22
        ],
        [
            1,
            28
        ],
        [
            2,
            5
        ],
        [
            2,
            19
        ],
        [
            2,
            22
        ],
        [
            2,
            28
        ],
        [
            3,
            3
        ],
        [
            3,
            4
        ],
        [
            3,
            5
        ],
        [
            3,
            12
        ],
        [
            3,
            13
        ],
        [
            3,
            14
        ],
        [
            3,
            15
        ],
        [
            3,
            16
        ],
        [
            3,
            17
        ],
        [
            3,
            19
        ],
        [
            3,
            20
        ],
        [
            3,
            21
        ],
        [
            3,
            22
        ],
        [
            3,
            27
        ],
        [
            3,
            28
        ],
        [
            4,
            5
        ],
        [
            4,
            14
        ],
        [
            4,
            15
        ],
        [
            4,
            21
        ],
        [
            4,
            22
        ],
        [
            4,
            26
        ],
        [
            4,
            27
        ],
        [
            4,
            28
        ],
        [
            5,
            5
        ],
        [
            5,
            7
        ],
        [
            5,
            9
        ],
        [
            5,
            10
        ],
        [
            5,
            11
        ],
        [
            5,
            13
        ],
        [
            5,
            14
        ],
        [
            5,
            15
        ],
        [
            5,
            22
        ],
        [
            5,
            26
        ],
        [
            5,
            27
        ],
        [
            5,
            28
        ],
        [
            6,
            5
        ],
        [
            6,
            7
        ],
        [
            6,
            13
        ],
        [
            6,
            14
        ],
        [
            6,
            15
        ],
        [
            6,
            22
        ],
        [
            6,
            26
        ],
        [
            6,
            27
        ],
        [
            6,
            28
        ],
        [
            7,
            5
        ],
        [
            7,
            7
        ],
        [
            7,
            13
        ],
        [
            7,
            14
        ],
        [
            7,
            15
        ],
        [
            7,
            22
        ],
        [
            7,
            26
        ],
        [
            7,
            28
        ],
        [
            8,
            7
        ],
        [
            8,
            13
        ],
        [
            8,
            14
        ],
        [
            8,
            15
        ],
        [
            8,
            22
        ],
        [
            8,
            26
        ],
        [
            9,
            3
        ],
        [
            9,
            4
        ],
        [
            9,
            5
        ],
        [
            9,
            6
        ],
        [
            9,
            7
        ],
        [
            9,
            8
        ],
        [
            9,
            9
        ],
        [
            9,
            10
        ],
        [
            9,
            11
        ],
        [
            9,
            19
        ],
        [
            9,
            23
        ],
        [
            10,
            19
        ],
        [
            10,
            24
        ],
        [
            11,
            14
        ],
        [
            11,
            15
        ],
        [
            11,
            16
        ],
        [
            11,
            17
        ],
        [
            11,
            19
        ],
        [
            11,
            21
        ],
        [
            11,
            23
        ],
        [
            11,
            25
        ],
        [
            11,
            26
        ],
        [
            11,
            27
        ],
        [
            12,
            13
        ],
        [
            12,
            19
        ],
        [
            13,
            19
        ],
        [
            13,
            27
        ],
        [
            15,
            20
        ],
        [
            15,
            21
        ],
        [
            15,
            22
        ],
        [
            15,
            23
        ],
        [
            16,
            4
        ],
        [
            16,
            5
        ],
        [
            16,
            6
        ],
        [
            16,
            8
        ],
        [
            16,
            16
        ],
        [
            17,
            3
        ],
        [
            17,
            13
        ],
        [
            17,
            14
        ],
        [
            17,
            24
        ],
        [
            17,
            28
        ],
        [
            17,
            29
        ],
        [
            17,
            30
        ],
        [
            18,
            3
        ],
        [
            18,
            4
        ],
        [
            18,
            5
        ],
        [
            18,
            14
        ],
        [
            19,
            14
        ],
        [
            19,
            16
        ],
        [
            19,
            17
        ],
        [
            19,
            18
        ],
        [
            19,
            19
        ],
        [
            19,
            20
        ],
        [
            19,
            21
        ],
        [
            20,
            2
        ],
        [
            20,
            15
        ],
        [
            20,
            16
        ],
        [
            20,
            17
        ],
        [
            20,
            18
        ],
        [
            20,
            19
        ],
        [
            20,
            27
        ],
        [
            21,
            4
        ],
        [
            21,
            24
        ],
        [
            21,
            27
        ],
        [
            22,
            4
        ],
        [
            22,
            22
        ]
    ]
}