{
    "bomb": [[
        4,
        17
    ]],
    "chest": [
        [
            1,
            38
        ],
        [
            2,
            20
        ],
        [
            3,
            21
        ],
        [
            6,
            16
        ],
        [
            11,
            11
        ],
        [
            16,
            26
        ],
        [
            19,
            45
        ]
    ],
    "door": [],
    "exit": [
        2,
        1
    ],
    "food": [
        [
            6,
            2
        ],
        [
            6,
            44
        ],
        [
            7,
            7
        ],
        [
            8,
            42
        ],
        [
            16,
            46
        ],
        [
            17,
            4
        ],
        [
            20,
            18
        ],
        [
            23,
            26
        ]
    ],
    "key": [],
    "monster": {
        "daemon": [
            {
                "coord": [
                    2,
                    26
                ],
                "level": 1
            },
            {
                "coord": [
                    6,
                    36
                ],
                "level": 1
            },
            {
                "coord": [
                    19,
                    4
                ],
                "level": 2
            },
            {
                "coord": [
                    19,
                    27
                ],
                "level": 1
            }
        ],
        "death": [],
        "ghost": [
            {
                "coord": [
                    9,
                    43
                ],
                "level": 1
            },
            {
                "coord": [
                    12,
                    24
                ],
                "level": 3
            },
            {
                "coord": [
                    13,
                    12
                ],
                "level": 1
            },
            {
                "coord": [
                    22,
                    32
                ],
                "level": 1
            }
        ],
        "ghoul": [{
            "coord": [
                20,
                39
            ],
            "level": 1
        }],
        "lobber": [{
            "coord": [
                2,
                38
            ],
            "level": 2
        }]
    },
    "player": [
        [
            22,
            48
        ],
        [
            23,
            48
        ],
        [
            24,
            47
        ],
        [
            24,
            46
        ]
    ],
    "potion_defense": [[
        18,
        8
    ]],
    "potion_life": [
        [
            18,
            31
        ],
        [
            23,
            41
        ]
    ],
    "potion_magic": [],
    "potion_physical": [[
        8,
        2
    ]],
    "potion_poison": [[
        1,
        47
    ]],
    "potion_speed": [
        [
            10,
            23
        ],
        [
            20,
            16
        ]
    ],
    "size": [
        24,
        48
    ],
    "spawner": {
        "daemon": [
            {
                "coord": [
                    4,
                    20
                ],
                "level": 3
            },
            {
                "coord": [
                    13,
                    33
                ],
                "level": 2
            },
            {
                "coord": [
                    22,
                    1
                ],
                "level": 2
            }
        ],
        "ghost": [
            {
                "coord": [
                    2,
                    9
                ],
                "level": 2
            },
            {
                "coord": [
                    6,
                    3
                ],
                "level": 1
            },
            {
                "coord": [
                    18,
                    46
                ],
                "level": 1
            },
            {
                "coord": [
                    24,
                    21
                ],
                "level": 2
            }
        ],
        "ghoul": [
            {
                "coord": [
                    10,
                    9
                ],
                "level": 3
            },
            {
                "coord": [
                    15,
                    6
                ],
                "level": 3
            },
            {
                "coord": [
                    20,
                    48
                ],
                "level": 1
            }
        ],
        "lobber": [
            {
                "coord": [
                    6,
                    19
                ],
                "level": 1
            },
            {
                "coord": [
                    19,
                    36
                ],
                "level": 1
            }
        ]
    },
    "wall": [
        [
            1,
            1
        ],
        [
            1,
            5
        ],
        [
            1,
            7
        ],
        [
            1,
            16
        ],
        [
            1,
            17
        ],
        [
            1,
            18
        ],
        [
            1,
            19
        ],
        [
            1,
            20
        ],
        [
            1,
            21
        ],
        [
            1,
            22
        ],
        [
            1,
            23
        ],
        [
            1,
            24
        ],
        [
            1,
            34
        ],
        [
            1,
            40
        ],
        [
            1,
            45
        ],
        [
            1,
            46
        ],
        [
            2,
            5
        ],
        [
            2,
            7
        ],
        [
            2,
            13
        ],
        [
            2,
            14
        ],
        [
            2,
            15
        ],
        [
            2,
            16
        ],
        [
            2,
            17
        ],
        [
            2,
            18
        ],
        [
            2,
            19
        ],
        [
            2,
            34
        ],
        [
            2,
            40
        ],
        [
            2,
            46
        ],
        [
            2,
            47
        ],
        [
            3,
            3
        ],
        [
            3,
            4
        ],
        [
            3,
            5
        ],
        [
            3,
            8
        ],
        [
            3,
            9
        ],
        [
            3,
            10
        ],
        [
            3,
            11
        ],
        [
            3,
            16
        ],
        [
            3,
            20
        ],
        [
            3,
            34
        ],
        [
            3,
            40
        ],
        [
            3,
            45
        ],
        [
            3,
            46
        ],
        [
            4,
            3
        ],
        [
            4,
            8
        ],
        [
            4,
            9
        ],
        [
            4,
            15
        ],
        [
            4,
            16
        ],
        [
            4,
            18
        ],
        [
            4,
            21
        ],
        [
            4,
            28
        ],
        [
            4,
            29
        ],
        [
            4,
            30
        ],
        [
            4,
            45
        ],
        [
            4,
            46
        ],
        [
            5,
            8
        ],
        [
            5,
            9
        ],
        [
            5,
            13
        ],
        [
            5,
            15
        ],
        [
            5,
            16
        ],
        [
            5,
            17
        ],
        [
            5,
            18
        ],
        [
            5,
            20
        ],
        [
            5,
            21
        ],
        [
            5,
            31
        ],
        [
            5,
            32
        ],
        [
            5,
            45
        ],
        [
            5,
            46
        ],
        [
            6,
            5
        ],
        [
            6,
            8
        ],
        [
            6,
            9
        ],
        [
            6,
            13
        ],
        [
            6,
            31
        ],
        [
            6,
            39
        ],
        [
            6,
            45
        ],
        [
            7,
            5
        ],
        [
            7,
            8
        ],
        [
            7,
            9
        ],
        [
            7,
            10
        ],
        [
            7,
            13
        ],
        [
            7,
            14
        ],
        [
            7,
            24
        ],
        [
            7,
            31
        ],
        [
            7,
            39
        ],
        [
            7,
            40
        ],
        [
            7,
            45
        ],
        [
            8,
            5
        ],
        [
            8,
            7
        ],
        [
            8,
            8
        ],
        [
            8,
            10
        ],
        [
            8,
            14
        ],
        [
            8,
            16
        ],
        [
            8,
            24
        ],
        [
            8,
            31
        ],
        [
            8,
            33
        ],
        [
            8,
            38
        ],
        [
            8,
            39
        ],
        [
            8,
            45
        ],
        [
            8,
            47
        ],
        [
            9,
            1
        ],
        [
            9,
            8
        ],
        [
            9,
            10
        ],
        [
            9,
            24
        ],
        [
            9,
            31
        ],
        [
            9,
            38
        ],
        [
            9,
            39
        ],
        [
            9,
            47
        ],
        [
            10,
            1
        ],
        [
            10,
            8
        ],
        [
            10,
            10
        ],
        [
            10,
            24
        ],
        [
            10,
            27
        ],
        [
            10,
            31
        ],
        [
            10,
            39
        ],
        [
            10,
            47
        ],
        [
            11,
            1
        ],
        [
            11,
            4
        ],
        [
            11,
            5
        ],
        [
            11,
            6
        ],
        [
            11,
            12
        ],
        [
            11,
            36
        ],
        [
            11,
            46
        ],
        [
            11,
            47
        ],
        [
            12,
            29
        ],
        [
            12,
            31
        ],
        [
            12,
            37
        ],
        [
            12,
            38
        ],
        [
            12,
            39
        ],
        [
            12,
            47
        ],
        [
            13,
            2
        ],
        [
            13,
            13
        ],
        [
            13,
            14
        ],
        [
            13,
            15
        ],
        [
            13,
            16
        ],
        [
            13,
            17
        ],
        [
            13,
            18
        ],
        [
            13,
            19
        ],
        [
            13,
            20
        ],
        [
            13,
            21
        ],
        [
            13,
            27
        ],
        [
            13,
            28
        ],
        [
            13,
            29
        ],
        [
            13,
            31
        ],
        [
            13,
            47
        ],
        [
            14,
            27
        ],
        [
            14,
            29
        ],
        [
            14,
            31
        ],
        [
            14,
            47
        ],
        [
            15,
            15
        ],
        [
            15,
            29
        ],
        [
            15,
            30
        ],
        [
            15,
            37
        ],
        [
            15,
            38
        ],
        [
            15,
            40
        ],
        [
            16,
            11
        ],
        [
            16,
            30
        ],
        [
            17,
            11
        ],
        [
            17,
            22
        ],
        [
            17,
            30
        ],
        [
            17,
            31
        ],
        [
            17,
            32
        ],
        [
            17,
            33
        ],
        [
            17,
            40
        ],
        [
            18,
            11
        ],
        [
            18,
            12
        ],
        [
            18,
            13
        ],
        [
            18,
            14
        ],
        [
            18,
            15
        ],
        [
            18,
            29
        ],
        [
            18,
            30
        ],
        [
            18,
            36
        ],
        [
            18,
            37
        ],
        [
            18,
            40
        ],
        [
            19,
            1
        ],
        [
            19,
            2
        ],
        [
            19,
            17
        ],
        [
            19,
            18
        ],
        [
            19,
            19
        ],
        [
            19,
            20
        ],
        [
            19,
            21
        ],
        [
            19,
            22
        ],
        [
            19,
            28
        ],
        [
            19,
            29
        ],
        [
            19,
            30
        ],
        [
            19,
            31
        ],
        [
            19,
            32
        ],
        [
            19,
            40
        ],
        [
            19,
            47
        ],
        [
            19,
            48
        ],
        [
            20,
            1
        ],
        [
            20,
            14
        ],
        [
            20,
            15
        ],
        [
            20,
            17
        ],
        [
            20,
            36
        ],
        [
            21,
            1
        ],
        [
            21,
            13
        ],
        [
            21,
            14
        ],
        [
            21,
            15
        ],
        [
            21,
            16
        ],
        [
            21,
            17
        ],
        [
            21,
            18
        ],
        [
            21,
            29
        ],
        [
            21,
            36
        ],
        [
            21,
            47
        ],
        [
            21,
            48
        ],
        [
            22,
            18
        ],
        [
            22,
            27
        ],
        [
            22,
            29
        ],
        [
            22,
            36
        ],
        [
            22,
            37
        ],
        [
            22,
            38
        ],
        [
            22,
            39
        ],
        [
            22,
            40
        ],
        [
            22,
            41
        ],
        [
            22,
            42
        ],
        [
            22,
            43
        ],
        [
            22,
            44
        ],
        [
            23,
            5
        ],
        [
            23,
            10
        ],
        [
            23,
            29
        ],
        [
            23,
            44
        ],
        [
            24,
            5
        ],
        [
            24,
            27
        ],
        [
            24,
            28
        ],
        [
            24,
            35
        ],
        [
            24,
            36
        ],
        [
            24,
            37
        ],
        [
            24,
            38
        ],
        [
            24,
            39
        ],
        [
            24,
            44
        ]
    ]
}