{
	"size": [30,31],
	"player": [[2,2],[1,2],[2,1],[1,1]],
	"exit": [1,31],
	"wall": [[12,1],[12,2],[12,3],[12,4],[12,5],[12,6],[12,7],[12,8],[12,9],[12,10],[12,11],[12,12],[12,13],[12,14],[12,15],[12,16],[12,17],[12,18],[12,19],[12,20],[12,21],[11,21],[10,21],[9,21],[9,22],[9,23],[9,24],[9,25],[9,26],[9,27],[9,28],[9,29],[9,30]],
	"door": [[9,31],[13,21],[14,21],[15,21],[16,21],[17,21],[18,21],[19,21],[20,21],[21,21],[22,21],[23,21],[24,21],[25,21],[26,21],[27,21],[28,21],[29,21],[30,21]],
	"key": [[3,31],[30,22]],
	"bomb": [],
	"food": [[30,25],[21,2],[13,1],[13,3],[13,5],[16,7],[17,6],[19,8]],
	"chest": [[18,26],[30,1],[30,2],[30,3],[30,4],[29,4],[28,5],[27,6],[13,6],[15,8],[13,20],[13,18],[16,16]],
	"potion_life": [],
	"potion_poison": [],
	"potion_magic": [],
	"potion_speed": [],
	"potion_physical": [],
	"potion_defense": [],
	"monster": {
		"ghost": [{"coord": [8,8],"level": 1}],
		"ghoul": [],
		"daemon": [],
		"lobber": [],
		"death": []
	},
	"spawner": {
		"ghost": [{"coord": [8,27],"level": 1},{"coord": [17,31],"level": 2},{"coord": [22,28],"level": 2},{"coord": [22,24],"level": 2},{"coord": [26,23],"level": 2},{"coord": [26,27],"level": 2},{"coord": [26,30],"level": 2},{"coord": [19,1],"level": 3},{"coord": [19,5],"level": 3},{"coord": [22,5],"level": 3},{"coord": [23,1],"level": 3},{"coord": [25,5],"level": 3}],
		"ghoul": [],
		"daemon": [],
		"lobber": [],
	}
}
