{"door":[[2,9],[10,1],[10,2],[11,18],[14,13],[15,13]],"chest":[[1,1],[2,17],[5,8],[11,4],[12,14],[14,21],[20,10]],"bomb":[],"food":[[5,6],[5,19],[13,4],[20,9]],"potion_physical":[[7,16]],"monster":{"ghost":[],"death":[],"lobber":[{"coord":[9,14],"level":2},{"coord":[10,14],"level":2},{"coord":[14,6],"level":2},{"coord":[15,2],"level":3},{"coord":[19,11],"level":1},{"coord":[20,7],"level":1},{"coord":[21,5],"level":1}],"ghoul":[{"coord":[17,13],"level":2},{"coord":[18,13],"level":2}],"daemon":[]},"exit":[17,1],"potion_life":[[8,10]],"spawner":{"ghost":[{"coord":[2,13],"level":1},{"coord":[7,21],"level":1},{"coord":[10,21],"level":1},{"coord":[20,20],"level":3}],"lobber":[],"ghoul":[{"coord":[6,12],"level":2}],"daemon":[{"coord":[2,6],"level":1},{"coord":[9,5],"level":2}]},"size":[21,21],"potion_speed":[],"potion_magic":[[19,14]],"potion_poison":[[19,5]],"wall":[[1,9],[2,18],[2,19],[2,20],[3,9],[3,18],[3,20],[4,2],[4,3],[4,4],[4,5],[4,6],[4,7],[4,8],[4,9],[4,10],[4,11],[4,12],[4,13],[4,14],[4,15],[4,18],[5,7],[5,15],[5,18],[6,7],[6,15],[6,18],[6,19],[6,20],[6,21],[7,3],[7,7],[7,15],[8,3],[8,7],[8,11],[8,12],[8,13],[8,14],[8,15],[8,16],[9,3],[9,7],[9,16],[10,3],[10,7],[10,16],[11,3],[11,7],[11,13],[11,14],[11,15],[11,16],[11,17],[11,19],[11,20],[11,21],[12,3],[12,4],[12,5],[12,6],[12,7],[12,10],[12,13],[13,3],[13,7],[13,10],[13,13],[14,2],[14,3],[14,5],[14,7],[14,10],[14,20],[15,3],[15,5],[15,7],[15,10],[15,20],[16,2],[16,3],[16,5],[16,6],[16,7],[16,10],[16,11],[16,12],[16,13],[16,14],[16,15],[16,16],[16,20],[17,2],[17,12],[17,20],[18,1],[18,2],[18,10],[18,11],[18,12],[18,20],[18,21],[19,6],[19,7],[19,8],[19,9],[19,10],[19,12],[19,15],[20,4],[20,5],[20,6],[20,8],[20,12],[20,13],[20,14],[20,15],[20,16],[20,17],[20,18],[21,4]],"potion_defense":[[15,11]],"key":[[3,19],[5,14],[15,6],[17,21]],"player":[[20,1],[21,1],[21,2],[20,2]]}