{"door":[[9,9],[9,10],[9,12],[9,13],[10,9],[10,13],[12,9],[12,13],[13,9],[13,10],[13,12],[13,13]],"chest":[[1,4],[1,18],[11,10],[11,12],[21,4],[21,18]],"bomb":[],"food":[[10,10],[10,12],[12,10],[12,12]],"potion_physical":[],"monster":{"ghost":[],"death":[[1,1],[1,21],[21,1],[21,21]],"lobber":[],"ghoul":[],"daemon":[]},"exit":[11,11],"potion_life":[[10,11],[12,11]],"spawner":{"ghost":[{"coord":[7,7],"level":1},{"coord":[7,15],"level":1},{"coord":[15,7],"level":1},{"coord":[15,15],"level":1}],"lobber":[],"ghoul":[{"coord":[4,4],"level":1},{"coord":[4,18],"level":1},{"coord":[18,4],"level":1},{"coord":[18,18],"level":1}],"daemon":[]},"size":[21,21],"potion_speed":[],"potion_magic":[],"potion_poison":[],"wall":[[1,2],[1,11],[1,20],[2,2],[2,3],[2,4],[2,5],[2,6],[2,7],[2,8],[2,9],[2,11],[2,13],[2,14],[2,15],[2,16],[2,17],[2,18],[2,19],[2,20],[3,11],[4,2],[4,5],[4,6],[4,7],[4,11],[4,14],[4,15],[4,16],[4,17],[4,20],[5,2],[5,4],[5,11],[5,18],[5,20],[6,2],[6,4],[6,9],[6,11],[6,13],[6,18],[6,20],[7,2],[7,4],[7,8],[7,9],[7,11],[7,13],[7,14],[7,18],[7,20],[8,2],[8,4],[8,7],[8,11],[8,15],[8,18],[8,20],[9,6],[9,7],[9,11],[9,15],[9,16],[11,1],[11,2],[11,3],[11,4],[11,5],[11,6],[11,7],[11,8],[11,9],[11,13],[11,14],[11,15],[11,16],[11,17],[11,18],[11,19],[11,20],[11,21],[13,6],[13,7],[13,11],[13,15],[13,16],[14,2],[14,4],[14,7],[14,11],[14,15],[14,18],[14,20],[15,2],[15,4],[15,8],[15,9],[15,11],[15,13],[15,14],[15,18],[15,20],[16,2],[16,4],[16,9],[16,11],[16,13],[16,18],[16,20],[17,2],[17,4],[17,11],[17,18],[17,20],[18,2],[18,5],[18,6],[18,7],[18,11],[18,14],[18,15],[18,16],[18,17],[18,20],[19,11],[20,2],[20,3],[20,4],[20,5],[20,6],[20,7],[20,8],[20,9],[20,11],[20,13],[20,14],[20,15],[20,16],[20,17],[20,18],[20,19],[20,20],[21,2],[21,11],[21,20]],"potion_defense":[],"key":[[1,3],[1,19],[21,3],[21,19]],"player":[[5,1],[17,1],[17,21],[5,21]]}