{"door":[[5,12],[5,13],[5,14],[14,2],[14,24],[23,11],[23,12],[23,13],[23,14],[23,15],[24,3],[24,23],[25,3],[25,23],[26,3],[26,23],[30,13],[36,13]],"chest":[[2,12],[2,14],[10,17],[14,13],[15,4],[15,13],[24,1],[24,25],[25,2],[25,24],[26,1],[26,25],[29,11],[33,6],[34,11],[35,18],[36,20],[37,17]],"bomb":[],"food":[[2,13],[4,24],[11,3],[23,20],[28,9],[31,15],[35,8],[40,7]],"potion_physical":[[18,9]],"monster":{"ghost":[{"coord":[34,13],"level":2},{"coord":[35,13],"level":2}],"death":[[25,1],[25,25]],"lobber":[],"ghoul":[{"coord":[6,11],"level":2},{"coord":[6,12],"level":2},{"coord":[6,13],"level":2},{"coord":[6,14],"level":2},{"coord":[6,15],"level":2},{"coord":[10,12],"level":3},{"coord":[10,13],"level":3},{"coord":[10,14],"level":3},{"coord":[28,15],"level":1},{"coord":[28,16],"level":1},{"coord":[29,15],"level":1}],"daemon":[{"coord":[1,9],"level":2},{"coord":[1,10],"level":2},{"coord":[1,16],"level":2},{"coord":[1,17],"level":2},{"coord":[2,9],"level":2},{"coord":[2,17],"level":2},{"coord":[31,13],"level":1},{"coord":[32,13],"level":1},{"coord":[33,13],"level":1}]},"exit":[8,13],"potion_life":[[24,2],[24,8],[24,24],[40,19]],"spawner":{"ghost":[{"coord":[26,11],"level":1},{"coord":[26,16],"level":1}],"lobber":[{"coord":[12,8],"level":1},{"coord":[33,9],"level":1},{"coord":[33,17],"level":1}],"ghoul":[{"coord":[6,7],"level":3},{"coord":[6,19],"level":3},{"coord":[12,18],"level":1}],"daemon":[{"coord":[39,13],"level":1}]},"size":[40,25],"potion_speed":[],"potion_magic":[[18,17]],"potion_poison":[[29,16]],"wall":[[1,11],[1,12],[1,13],[1,14],[1,15],[2,10],[2,16],[3,3],[3,4],[3,5],[3,6],[3,7],[3,8],[3,9],[3,17],[3,18],[3,19],[3,20],[3,21],[3,22],[3,23],[4,3],[4,23],[5,3],[5,10],[5,11],[5,15],[5,16],[5,23],[6,3],[6,10],[6,16],[6,23],[7,4],[7,10],[7,16],[7,22],[8,4],[8,10],[8,16],[8,22],[9,6],[9,7],[9,8],[9,9],[9,10],[9,16],[9,17],[9,18],[9,19],[9,20],[10,5],[10,10],[10,11],[10,15],[10,16],[10,21],[11,4],[11,11],[11,12],[11,13],[11,14],[11,15],[11,22],[12,3],[12,12],[12,14],[12,23],[13,2],[13,12],[13,14],[13,24],[14,12],[14,14],[15,2],[15,5],[15,6],[15,7],[15,12],[15,14],[15,19],[15,20],[15,21],[15,24],[16,2],[16,5],[16,7],[16,12],[16,14],[16,19],[16,21],[16,24],[17,2],[17,5],[17,7],[17,8],[17,12],[17,14],[17,18],[17,19],[17,21],[17,24],[18,2],[18,5],[18,8],[18,12],[18,14],[18,18],[18,21],[18,24],[19,2],[19,3],[19,4],[19,5],[19,8],[19,9],[19,12],[19,14],[19,17],[19,18],[19,21],[19,22],[19,23],[19,24],[20,9],[20,17],[21,9],[21,10],[21,16],[21,17],[22,10],[22,16],[23,1],[23,2],[23,3],[23,8],[23,9],[23,10],[23,16],[23,17],[23,18],[23,19],[23,23],[23,24],[23,25],[24,7],[24,20],[25,7],[25,20],[26,7],[26,20],[27,1],[27,2],[27,3],[27,7],[27,8],[27,9],[27,10],[27,17],[27,18],[27,19],[27,20],[27,23],[27,24],[27,25],[28,10],[28,17],[29,10],[29,17],[30,10],[30,11],[30,12],[30,14],[30,15],[30,16],[30,17],[31,12],[31,14],[32,2],[32,3],[32,4],[32,5],[32,6],[32,7],[32,12],[32,14],[32,19],[32,20],[32,21],[32,22],[32,23],[32,24],[33,2],[33,7],[33,12],[33,14],[33,19],[33,24],[34,2],[34,7],[34,12],[34,14],[34,19],[34,24],[35,2],[35,7],[35,12],[35,14],[35,19],[35,24],[36,2],[36,7],[36,8],[36,9],[36,10],[36,11],[36,12],[36,14],[36,15],[36,16],[36,17],[36,18],[36,19],[36,24],[37,2],[37,24],[38,2],[38,24],[39,2],[39,24],[40,2],[40,24]],"potion_defense":[[26,2],[26,24]],"key":[[12,13],[18,4],[18,22],[24,19],[34,4],[34,22],[40,1],[40,25]],"player":[[37,4],[37,22],[39,4],[39,22]]}