{
    "bomb": [[
        35,
        12
    ]],
    "chest": [
        [
            1,
            15
        ],
        [
            23,
            15
        ],
        [
            31,
            11
        ],
        [
            32,
            12
        ],
        [
            34,
            14
        ],
        [
            35,
            14
        ],
        [
            36,
            14
        ],
        [
            38,
            17
        ],
        [
            38,
            20
        ],
        [
            40,
            18
        ],
        [
            40,
            21
        ],
        [
            41,
            17
        ],
        [
            41,
            21
        ],
        [
            42,
            21
        ],
        [
            43,
            12
        ],
        [
            44,
            18
        ],
        [
            44,
            22
        ],
        [
            45,
            21
        ],
        [
            45,
            23
        ],
        [
            46,
            14
        ],
        [
            46,
            23
        ]
    ],
    "door": [
        [
            3,
            3
        ],
        [
            3,
            4
        ],
        [
            3,
            5
        ],
        [
            3,
            6
        ],
        [
            3,
            7
        ],
        [
            3,
            12
        ],
        [
            4,
            3
        ],
        [
            4,
            7
        ],
        [
            4,
            12
        ],
        [
            4,
            13
        ],
        [
            5,
            3
        ],
        [
            5,
            4
        ],
        [
            5,
            5
        ],
        [
            5,
            6
        ],
        [
            5,
            7
        ],
        [
            13,
            10
        ],
        [
            14,
            10
        ],
        [
            23,
            3
        ],
        [
            25,
            9
        ],
        [
            26,
            9
        ],
        [
            34,
            6
        ],
        [
            34,
            7
        ],
        [
            34,
            8
        ],
        [
            34,
            9
        ],
        [
            37,
            5
        ],
        [
            37,
            6
        ],
        [
            38,
            4
        ],
        [
            38,
            5
        ]
    ],
    "exit": [
        34,
        21
    ],
    "food": [
        [
            1,
            13
        ],
        [
            1,
            14
        ],
        [
            2,
            13
        ],
        [
            2,
            14
        ],
        [
            2,
            15
        ],
        [
            3,
            13
        ],
        [
            25,
            24
        ],
        [
            36,
            21
        ],
        [
            36,
            22
        ]
    ],
    "key": [
        [
            1,
            12
        ],
        [
            1,
            17
        ],
        [
            4,
            4
        ],
        [
            4,
            5
        ],
        [
            4,
            6
        ],
        [
            16,
            24
        ],
        [
            35,
            1
        ]
    ],
    "monster": {
        "daemon": [
            {
                "coord": [
                    1,
                    1
                ],
                "level": 1
            },
            {
                "coord": [
                    30,
                    1
                ],
                "level": 1
            },
            {
                "coord": [
                    32,
                    2
                ],
                "level": 3
            }
        ],
        "death": [
            [
                1,
                4
            ],
            [
                1,
                5
            ]
        ],
        "ghost": [
            {
                "coord": [
                    16,
                    8
                ],
                "level": 2
            },
            {
                "coord": [
                    21,
                    23
                ],
                "level": 3
            },
            {
                "coord": [
                    23,
                    24
                ],
                "level": 2
            },
            {
                "coord": [
                    43,
                    9
                ],
                "level": 1
            }
        ],
        "ghoul": [
            {
                "coord": [
                    10,
                    16
                ],
                "level": 3
            },
            {
                "coord": [
                    19,
                    18
                ],
                "level": 2
            },
            {
                "coord": [
                    25,
                    6
                ],
                "level": 1
            }
        ],
        "lobber": [
            {
                "coord": [
                    45,
                    14
                ],
                "level": 2
            },
            {
                "coord": [
                    46,
                    7
                ],
                "level": 2
            },
            {
                "coord": [
                    46,
                    10
                ],
                "level": 2
            }
        ]
    },
    "player": [
        [
            11,
            6
        ],
        [
            12,
            6
        ],
        [
            11,
            7
        ],
        [
            12,
            7
        ]
    ],
    "potion_defense": [[
        22,
        22
    ]],
    "potion_life": [[
        36,
        7
    ]],
    "potion_magic": [[
        17,
        10
    ]],
    "potion_physical": [[
        17,
        20
    ]],
    "potion_poison": [[
        39,
        10
    ]],
    "potion_speed": [
        [
            5,
            15
        ],
        [
            25,
            11
        ],
        [
            33,
            19
        ]
    ],
    "size": [
        46,
        24
    ],
    "spawner": {
        "daemon": [
            {
                "coord": [
                    9,
                    24
                ],
                "level": 2
            },
            {
                "coord": [
                    22,
                    12
                ],
                "level": 1
            },
            {
                "coord": [
                    33,
                    6
                ],
                "level": 2
            },
            {
                "coord": [
                    39,
                    8
                ],
                "level": 1
            },
            {
                "coord": [
                    43,
                    4
                ],
                "level": 3
            }
        ],
        "ghost": [
            {
                "coord": [
                    3,
                    1
                ],
                "level": 3
            },
            {
                "coord": [
                    24,
                    16
                ],
                "level": 1
            },
            {
                "coord": [
                    28,
                    24
                ],
                "level": 1
            },
            {
                "coord": [
                    29,
                    14
                ],
                "level": 1
            },
            {
                "coord": [
                    30,
                    8
                ],
                "level": 1
            },
            {
                "coord": [
                    30,
                    23
                ],
                "level": 1
            },
            {
                "coord": [
                    46,
                    1
                ],
                "level": 3
            }
        ],
        "ghoul": [
            {
                "coord": [
                    6,
                    16
                ],
                "level": 1
            },
            {
                "coord": [
                    12,
                    22
                ],
                "level": 3
            },
            {
                "coord": [
                    16,
                    17
                ],
                "level": 1
            },
            {
                "coord": [
                    20,
                    3
                ],
                "level": 1
            },
            {
                "coord": [
                    27,
                    1
                ],
                "level": 1
            },
            {
                "coord": [
                    35,
                    16
                ],
                "level": 3
            },
            {
                "coord": [
                    37,
                    9
                ],
                "level": 3
            }
        ],
        "lobber": [{
            "coord": [
                36,
                24
            ],
            "level": 3
        }]
    },
    "wall": [
        [
            1,
            10
        ],
        [
            1,
            11
        ],
        [
            1,
            16
        ],
        [
            1,
            22
        ],
        [
            1,
            23
        ],
        [
            1,
            24
        ],
        [
            2,
            8
        ],
        [
            2,
            9
        ],
        [
            2,
            10
        ],
        [
            2,
            11
        ],
        [
            2,
            12
        ],
        [
            2,
            16
        ],
        [
            3,
            8
        ],
        [
            3,
            14
        ],
        [
            3,
            15
        ],
        [
            3,
            16
        ],
        [
            4,
            16
        ],
        [
            4,
            19
        ],
        [
            5,
            13
        ],
        [
            5,
            22
        ],
        [
            5,
            23
        ],
        [
            5,
            24
        ],
        [
            6,
            2
        ],
        [
            6,
            12
        ],
        [
            6,
            13
        ],
        [
            7,
            1
        ],
        [
            7,
            6
        ],
        [
            7,
            13
        ],
        [
            8,
            6
        ],
        [
            9,
            6
        ],
        [
            9,
            13
        ],
        [
            9,
            15
        ],
        [
            9,
            16
        ],
        [
            9,
            17
        ],
        [
            9,
            18
        ],
        [
            9,
            19
        ],
        [
            9,
            20
        ],
        [
            9,
            21
        ],
        [
            10,
            6
        ],
        [
            10,
            13
        ],
        [
            10,
            15
        ],
        [
            10,
            21
        ],
        [
            10,
            22
        ],
        [
            11,
            11
        ],
        [
            11,
            12
        ],
        [
            11,
            13
        ],
        [
            11,
            14
        ],
        [
            11,
            15
        ],
        [
            11,
            21
        ],
        [
            11,
            22
        ],
        [
            11,
            23
        ],
        [
            11,
            24
        ],
        [
            12,
            10
        ],
        [
            12,
            11
        ],
        [
            13,
            6
        ],
        [
            13,
            11
        ],
        [
            13,
            23
        ],
        [
            14,
            19
        ],
        [
            14,
            21
        ],
        [
            14,
            22
        ],
        [
            14,
            23
        ],
        [
            15,
            7
        ],
        [
            15,
            10
        ],
        [
            15,
            11
        ],
        [
            15,
            19
        ],
        [
            15,
            23
        ],
        [
            16,
            7
        ],
        [
            16,
            9
        ],
        [
            16,
            10
        ],
        [
            16,
            11
        ],
        [
            16,
            19
        ],
        [
            16,
            20
        ],
        [
            16,
            21
        ],
        [
            16,
            23
        ],
        [
            17,
            9
        ],
        [
            17,
            11
        ],
        [
            17,
            19
        ],
        [
            17,
            24
        ],
        [
            18,
            7
        ],
        [
            18,
            9
        ],
        [
            18,
            11
        ],
        [
            18,
            18
        ],
        [
            18,
            19
        ],
        [
            18,
            20
        ],
        [
            18,
            21
        ],
        [
            18,
            22
        ],
        [
            18,
            23
        ],
        [
            18,
            24
        ],
        [
            19,
            7
        ],
        [
            19,
            8
        ],
        [
            19,
            9
        ],
        [
            19,
            11
        ],
        [
            19,
            14
        ],
        [
            20,
            7
        ],
        [
            20,
            8
        ],
        [
            20,
            9
        ],
        [
            20,
            11
        ],
        [
            20,
            14
        ],
        [
            20,
            17
        ],
        [
            21,
            4
        ],
        [
            21,
            5
        ],
        [
            21,
            6
        ],
        [
            21,
            7
        ],
        [
            21,
            8
        ],
        [
            21,
            9
        ],
        [
            21,
            14
        ],
        [
            21,
            17
        ],
        [
            21,
            20
        ],
        [
            21,
            21
        ],
        [
            22,
            2
        ],
        [
            22,
            4
        ],
        [
            22,
            5
        ],
        [
            22,
            7
        ],
        [
            22,
            8
        ],
        [
            22,
            9
        ],
        [
            22,
            14
        ],
        [
            22,
            15
        ],
        [
            22,
            16
        ],
        [
            22,
            17
        ],
        [
            22,
            19
        ],
        [
            22,
            20
        ],
        [
            22,
            21
        ],
        [
            22,
            23
        ],
        [
            23,
            1
        ],
        [
            23,
            2
        ],
        [
            23,
            4
        ],
        [
            23,
            8
        ],
        [
            23,
            9
        ],
        [
            23,
            10
        ],
        [
            23,
            11
        ],
        [
            23,
            14
        ],
        [
            23,
            16
        ],
        [
            23,
            17
        ],
        [
            23,
            18
        ],
        [
            23,
            19
        ],
        [
            23,
            21
        ],
        [
            23,
            22
        ],
        [
            23,
            23
        ],
        [
            24,
            10
        ],
        [
            24,
            11
        ],
        [
            24,
            12
        ],
        [
            24,
            13
        ],
        [
            24,
            14
        ],
        [
            24,
            23
        ],
        [
            24,
            24
        ],
        [
            25,
            8
        ],
        [
            25,
            10
        ],
        [
            25,
            13
        ],
        [
            25,
            14
        ],
        [
            25,
            15
        ],
        [
            25,
            23
        ],
        [
            26,
            1
        ],
        [
            26,
            2
        ],
        [
            26,
            5
        ],
        [
            26,
            6
        ],
        [
            26,
            20
        ],
        [
            26,
            21
        ],
        [
            26,
            22
        ],
        [
            26,
            23
        ],
        [
            27,
            4
        ],
        [
            27,
            9
        ],
        [
            27,
            10
        ],
        [
            27,
            11
        ],
        [
            27,
            13
        ],
        [
            27,
            23
        ],
        [
            28,
            11
        ],
        [
            28,
            12
        ],
        [
            28,
            13
        ],
        [
            29,
            11
        ],
        [
            29,
            12
        ],
        [
            29,
            15
        ],
        [
            29,
            17
        ],
        [
            30,
            9
        ],
        [
            30,
            10
        ],
        [
            30,
            11
        ],
        [
            30,
            12
        ],
        [
            30,
            15
        ],
        [
            30,
            20
        ],
        [
            30,
            21
        ],
        [
            30,
            22
        ],
        [
            31,
            5
        ],
        [
            31,
            9
        ],
        [
            31,
            10
        ],
        [
            31,
            15
        ],
        [
            31,
            19
        ],
        [
            31,
            20
        ],
        [
            31,
            22
        ],
        [
            31,
            24
        ],
        [
            32,
            4
        ],
        [
            32,
            5
        ],
        [
            32,
            9
        ],
        [
            32,
            10
        ],
        [
            32,
            11
        ],
        [
            32,
            15
        ],
        [
            32,
            16
        ],
        [
            32,
            17
        ],
        [
            32,
            18
        ],
        [
            32,
            19
        ],
        [
            33,
            4
        ],
        [
            33,
            11
        ],
        [
            33,
            12
        ],
        [
            33,
            13
        ],
        [
            33,
            14
        ],
        [
            33,
            15
        ],
        [
            33,
            20
        ],
        [
            33,
            22
        ],
        [
            34,
            1
        ],
        [
            34,
            2
        ],
        [
            34,
            4
        ],
        [
            34,
            5
        ],
        [
            34,
            10
        ],
        [
            34,
            11
        ],
        [
            34,
            12
        ],
        [
            34,
            13
        ],
        [
            34,
            20
        ],
        [
            35,
            5
        ],
        [
            35,
            13
        ],
        [
            35,
            20
        ],
        [
            35,
            21
        ],
        [
            35,
            22
        ],
        [
            35,
            23
        ],
        [
            35,
            24
        ],
        [
            36,
            1
        ],
        [
            36,
            2
        ],
        [
            36,
            6
        ],
        [
            36,
            11
        ],
        [
            36,
            12
        ],
        [
            36,
            13
        ],
        [
            36,
            19
        ],
        [
            36,
            20
        ],
        [
            37,
            2
        ],
        [
            37,
            3
        ],
        [
            37,
            7
        ],
        [
            37,
            8
        ],
        [
            37,
            11
        ],
        [
            37,
            12
        ],
        [
            37,
            19
        ],
        [
            37,
            20
        ],
        [
            37,
            22
        ],
        [
            38,
            3
        ],
        [
            38,
            8
        ],
        [
            38,
            9
        ],
        [
            38,
            11
        ],
        [
            38,
            13
        ],
        [
            38,
            14
        ],
        [
            38,
            16
        ],
        [
            38,
            19
        ],
        [
            39,
            9
        ],
        [
            39,
            11
        ],
        [
            39,
            16
        ],
        [
            39,
            17
        ],
        [
            39,
            18
        ],
        [
            39,
            19
        ],
        [
            39,
            20
        ],
        [
            39,
            21
        ],
        [
            39,
            24
        ],
        [
            40,
            9
        ],
        [
            40,
            10
        ],
        [
            40,
            11
        ],
        [
            40,
            16
        ],
        [
            40,
            17
        ],
        [
            40,
            20
        ],
        [
            40,
            24
        ],
        [
            41,
            3
        ],
        [
            41,
            4
        ],
        [
            41,
            6
        ],
        [
            41,
            7
        ],
        [
            41,
            16
        ],
        [
            41,
            20
        ],
        [
            42,
            10
        ],
        [
            42,
            11
        ],
        [
            42,
            12
        ],
        [
            42,
            20
        ],
        [
            43,
            10
        ],
        [
            43,
            11
        ],
        [
            44,
            11
        ],
        [
            44,
            12
        ],
        [
            44,
            13
        ],
        [
            44,
            17
        ],
        [
            44,
            21
        ],
        [
            45,
            13
        ],
        [
            45,
            19
        ],
        [
            45,
            20
        ],
        [
            45,
            22
        ],
        [
            46,
            13
        ],
        [
            46,
            22
        ]
    ]
}