{"door":[[4,7],[4,8],[4,9],[7,18],[8,18],[8,19],[8,20],[11,17],[11,18],[11,19],[11,20],[12,17],[13,17],[14,17],[15,7],[15,8],[15,9],[15,10],[15,11],[15,12],[15,17],[15,18],[15,19],[15,20],[16,4],[16,9],[17,4],[17,9],[18,4],[19,4],[20,4]],"chest":[[1,18],[3,14],[4,18],[5,14],[16,1],[17,1],[20,8]],"bomb":[[14,3]],"food":[[5,17],[5,20],[8,3]],"potion_physical":[[11,6]],"monster":{"ghost":[],"death":[[18,2]],"lobber":[{"coord":[19,11],"level":1}],"ghoul":[],"daemon":[{"coord":[1,11],"level":1}]},"exit":[13,19],"potion_life":[[7,2]],"spawner":{"ghost":[{"coord":[8,9],"level":1}],"lobber":[{"coord":[10,9],"level":1}],"ghoul":[{"coord":[10,7],"level":1}],"daemon":[{"coord":[8,7],"level":1}]},"size":[20,20],"potion_speed":[[5,3]],"potion_magic":[[7,6]],"potion_poison":[[1,20]],"wall":[[1,10],[1,17],[2,10],[2,13],[2,14],[2,15],[2,16],[2,17],[3,13],[4,1],[4,2],[4,3],[4,4],[4,5],[4,6],[4,10],[4,11],[4,12],[4,13],[5,4],[5,13],[6,4],[6,13],[6,14],[6,15],[6,16],[6,17],[6,18],[7,4],[7,7],[7,8],[7,9],[7,13],[8,4],[8,6],[8,8],[8,10],[8,13],[9,2],[9,3],[9,4],[9,6],[9,7],[9,8],[9,9],[9,10],[9,13],[9,15],[10,6],[10,8],[10,10],[10,13],[10,15],[11,2],[11,3],[11,4],[11,7],[11,8],[11,9],[11,13],[11,15],[12,4],[12,13],[12,15],[13,4],[13,13],[13,15],[14,4],[14,13],[14,15],[15,1],[15,2],[15,3],[15,4],[15,6],[15,13],[15,15],[16,6],[16,13],[16,15],[17,6],[17,13],[17,15],[17,16],[17,17],[17,18],[17,19],[17,20],[18,6],[18,9],[19,6],[19,9],[20,6],[20,9]],"potion_defense":[[11,10]],"key":[[1,16],[4,14],[7,10],[19,20],[20,1]],"player":[[2,2],[1,2],[2,1],[1,1]]}