{"door":[[1,8],[1,16],[2,8],[2,16],[3,8],[3,16],[4,8],[4,16],[5,8],[5,16],[10,1],[10,2],[10,3],[10,4],[10,5]],"chest":[[1,17],[2,17]],"bomb":[[7,18]],"food":[[5,18],[5,19],[13,9],[14,9]],"potion_physical":[],"monster":{"ghost":[],"death":[[7,17],[7,19],[9,17],[9,19]],"lobber":[{"coord":[15,4],"level":3},{"coord":[18,6],"level":2}],"ghoul":[],"daemon":[]},"exit":[17,20],"potion_life":[],"spawner":{"ghost":[{"coord":[7,12],"level":1},{"coord":[8,12],"level":1},{"coord":[9,12],"level":1}],"lobber":[],"ghoul":[{"coord":[17,15],"level":1},{"coord":[18,15],"level":1},{"coord":[19,15],"level":1},{"coord":[20,15],"level":1}],"daemon":[]},"size":[20,20],"potion_speed":[[15,19]],"potion_magic":[],"potion_poison":[[1,19]],"wall":[[6,8],[6,16],[6,17],[6,18],[6,19],[6,20],[7,8],[7,16],[8,8],[8,16],[9,8],[9,16],[10,6],[10,7],[10,8],[11,8],[12,8],[13,8],[14,8],[15,8],[16,8],[16,9],[16,10],[16,11],[16,12],[16,13],[16,14],[16,15],[16,16],[16,17],[16,18],[16,19],[16,20]],"potion_defense":[],"key":[[3,20],[7,6],[15,17]],"player":[[1,1],[1,2],[1,3],[1,4]]}