{"door":[[1,17],[2,12],[2,17],[14,10],[15,10],[16,10],[17,10],[18,5],[18,6],[18,7],[18,10],[19,10],[19,19],[19,20],[19,21],[20,10],[21,10],[26,4],[27,4],[28,4],[36,5],[36,6],[36,7],[39,17]],"chest":[[1,21],[2,19],[3,7],[7,7],[9,21],[12,16]],"bomb":[[2,21]],"food":[[1,20],[14,5],[19,16],[21,7],[27,18],[28,7],[33,7]],"potion_physical":[[18,12]],"monster":{"ghost":[{"coord":[14,1],"level":3},{"coord":[15,1],"level":1},{"coord":[16,1],"level":1},{"coord":[17,1],"level":1},{"coord":[18,1],"level":1},{"coord":[18,19],"level":1},{"coord":[18,21],"level":1},{"coord":[19,1],"level":1},{"coord":[25,19],"level":1},{"coord":[26,19],"level":1},{"coord":[27,19],"level":1}],"death":[],"lobber":[{"coord":[31,18],"level":1}],"ghoul":[{"coord":[1,15],"level":3},{"coord":[1,16],"level":3},{"coord":[2,15],"level":3},{"coord":[2,16],"level":3},{"coord":[12,14],"level":3},{"coord":[18,20],"level":1},{"coord":[39,18],"level":2}],"daemon":[{"coord":[12,19],"level":2},{"coord":[13,21],"level":2},{"coord":[14,19],"level":2},{"coord":[15,21],"level":2}]},"exit":[39,19],"potion_life":[[1,18],[5,21],[20,18],[39,2]],"spawner":{"ghost":[{"coord":[10,17],"level":1},{"coord":[17,17],"level":2},{"coord":[20,6],"level":2}],"lobber":[{"coord":[34,6],"level":1}],"ghoul":[{"coord":[27,6],"level":3},{"coord":[39,11],"level":1}],"daemon":[{"coord":[13,6],"level":1}]},"size":[41,21],"potion_speed":[[9,14]],"potion_magic":[[17,11]],"potion_poison":[[9,19],[22,14]],"wall":[[1,13],[2,3],[2,4],[2,5],[2,6],[2,7],[2,8],[2,11],[2,13],[3,3],[3,8],[3,11],[3,13],[3,15],[3,16],[3,17],[3,18],[3,19],[3,20],[3,21],[4,1],[4,2],[4,3],[4,5],[4,6],[4,7],[4,8],[4,11],[4,13],[5,11],[5,13],[5,14],[5,15],[5,16],[5,17],[5,18],[5,19],[6,2],[6,3],[6,5],[6,6],[6,7],[6,8],[6,11],[7,3],[7,8],[7,11],[8,3],[8,4],[8,5],[8,6],[8,7],[8,8],[8,11],[8,13],[8,14],[8,15],[8,18],[8,19],[8,20],[8,21],[9,1],[9,11],[9,13],[9,15],[9,18],[10,2],[10,11],[10,13],[10,15],[10,18],[11,2],[11,4],[11,5],[11,6],[11,7],[11,8],[11,11],[11,13],[11,15],[11,18],[12,2],[12,4],[12,11],[12,13],[12,15],[12,18],[13,2],[13,4],[13,11],[13,13],[13,15],[13,18],[14,2],[14,4],[14,11],[14,12],[14,13],[14,15],[14,18],[15,2],[15,4],[15,5],[15,6],[15,7],[15,8],[15,15],[15,18],[16,2],[16,15],[16,18],[17,2],[17,12],[17,15],[17,18],[18,2],[18,4],[18,8],[18,11],[18,13],[18,15],[18,18],[19,2],[19,4],[19,8],[19,15],[19,18],[20,2],[20,4],[20,8],[20,16],[20,17],[21,2],[21,4],[21,8],[21,11],[22,2],[22,4],[22,5],[22,6],[22,7],[22,8],[22,11],[22,15],[22,16],[22,17],[22,18],[22,19],[22,20],[22,21],[23,2],[23,11],[23,14],[24,2],[24,11],[24,14],[24,17],[24,18],[24,19],[24,20],[25,2],[25,4],[25,5],[25,6],[25,7],[25,8],[25,11],[25,14],[25,17],[26,2],[26,8],[26,11],[26,14],[26,18],[27,2],[27,8],[27,11],[27,14],[27,17],[28,2],[28,8],[28,11],[28,14],[28,17],[28,18],[28,19],[28,20],[29,2],[29,4],[29,5],[29,6],[29,7],[29,8],[29,11],[29,14],[30,2],[30,11],[30,14],[30,17],[30,18],[30,19],[30,20],[31,2],[31,11],[31,14],[31,17],[31,19],[32,2],[32,4],[32,5],[32,6],[32,7],[32,8],[32,11],[32,14],[32,17],[32,18],[32,19],[32,20],[33,2],[33,4],[33,8],[33,11],[33,14],[34,2],[34,4],[34,8],[34,11],[34,14],[34,17],[35,2],[35,4],[35,8],[35,11],[35,14],[35,17],[35,18],[35,19],[35,20],[36,2],[36,4],[36,8],[36,11],[36,14],[36,17],[37,2],[37,11],[37,14],[38,2],[38,11],[38,14],[38,17],[38,18],[38,19],[39,3],[39,4],[39,5],[39,6],[39,7],[39,8],[39,9],[39,10],[39,14],[39,20],[40,17],[40,18],[40,19]],"potion_defense":[[7,2],[17,13]],"key":[[2,20],[10,20],[11,1],[12,5],[13,12],[19,17],[21,5],[21,21],[25,18],[26,7],[33,5]],"player":[[1,1],[2,1],[1,2],[2,2]]}